Tweet,Stance,Index,Original Tweet
"as of 2015 , the short and long term effects from using e cigarettes remain unclear",NONE,7,"As of 2015, the short and long term effects from using e-cigarettes remain unclear."
"researchers found that 75 of tested e cigarette samples contained diacetyl , which when inhaled has been linked to the respiratory disease bronchiolitis obliterans",AGAINST,198,"Researchers found that 75% of tested e-cigarette samples contained diacetyl, which when inhaled has been linked to the respiratory disease bronchiolitis obliterans."
"since e cigarettes are intended to be used repeatedly , they can conveniently be used for an extended period of time , which may contribute to increased adverse effects",AGAINST,19,"Since e-cigarettes are intended to be used repeatedly, they can conveniently be used for an extended period of time, which may contribute to increased adverse effects."
the authors of a letter in this week is nejm project that the associated incremental lifetime risk of cancer could be higher than that from long term smoking,AGAINST,175,The authors of a letter in this week�s NEJM project that the associated incremental lifetime risk of cancer could be higher than that from long-term smoking.
"since they landed on the market in 2004 , e cigarettes have been dogged by controversy",NONE,366,"Since they landed on the market in 2004, e-cigarettes  have been dogged by controversy."
"because some research has suggested that the levels of most toxicants in vapor are lower than the levels in smoke , e cigarettes have been deemed to be safer than regular cigarettes",FAVOR,337,"Because some research has suggested that the levels of most toxicants in vapor are lower than the levels in smoke, e-cigarettes have been deemed to be safer than regular cigarettes."
"again , however , there are no long term epidemiological or observational data in actual humans using e cigarettes",FAVOR,304,"Again, however, there are no long term epidemiological or observational data in actual humans using e-cigarettes."
e cigarettes also contain ' cancer causing chemicals such as formaldehyde,AGAINST,193, E-cigarettes also contain 'cancer-causing chemicals such as formaldehyde.
"non daily use of e cigarettes while smoking does not appear to be associated with cessation attempts , cessation or reduced smoking",NONE,168,"Non-daily use of e-cigarettes while smoking does not appear to be associated with cessation attempts, cessation or reduced smoking."
"when used at low voltage , e cigarettes did not create any formaldehyde releasing agents , the researchers found",NONE,109,"When used at low voltage, e-cigarettes did not create any formaldehyde-releasing agents, the researchers found."
the safety of electronic cigarettes is uncertain,AGAINST,373,The safety of electronic cigarettes is uncertain.
"unlike traditional cigarettes , the devices are not regulated by us authorities , leading to concern among some experts that they may be harmful to health",AGAINST,196,"Unlike traditional cigarettes, the devices are not regulated by US authorities, leading to concern among some experts that they may be harmful to health."
"the findings showed that the formaldehyde releasing agents were not present at low voltages , but high voltage use released a dangerous amount of these agents",AGAINST,148,"The findings showed that the formaldehyde-releasing agents were not present at low voltages, but high-voltage use released a dangerous amount of these agents."
"now a new study suggests that e cigarettes may pose significant harm to va per s , having found that more than 75 percent of the e cigarette varieties tested contained diacetyl a flavouring chemical that 's previously been linked to the severe respiratory disease , bronchiolitis obliterans",AGAINST,157,"Now a new study suggests that e-cigarettes may pose significant harm to vapers, having found that more than 75 percent of the e-cigarette varieties tested contained diacetyl � a flavouring chemical that's previously been linked to the severe respiratory disease, bronchiolitis obliterans."
concerns exist that e cigarette user exposure to toxic levels of nicotine may be harmful,AGAINST,83,Concerns exist that e-cigarette user exposure to toxic levels of nicotine may be harmful.
but now a new study suggests that the healthier electronic cigarette alternative may not be as harmless for you after all,AGAINST,355,But now a new study suggests that the �healthier� electronic cigarette alternative may not be as harmless for you after all.
"in 45 of 50 states , e cigarette use is not strictly outlawed at smoke free venues , but in many areas there is a movement to change that",NONE,155,"In 45 of 50 states, e-cigarette use is not strictly outlawed at smoke-free venues, but in many areas there is a movement to change that."
"a 2014 review found higher levels of carcinogens and toxins than in an fda approved nicotine inhaler , suggesting that fda approved devices may deliver nicotine more safely",FAVOR,74,"A 2014 review found higher levels of carcinogens and toxins than in an FDA-approved nicotine inhaler, suggesting that FDA-approved devices may deliver nicotine more safely."
"about 67 percent of the 128 physicians surveyed indicated e cigarettes are a helpful aid for smoking cessation , 65 percent believe e cigarettes represent a lower risk of cancer than traditional cigarettes , and 35 percent recommended them to their patients",FAVOR,250,"About 67 percent of the 128 physicians surveyed indicated e-cigarettes are a helpful aid for smoking cessation, 65 percent believe e-cigs represent a lower risk of cancer than traditional cigarettes, and 35 percent recommended them to their patients."
"it is not enough that regular cigarettes pose various health risks , but it looks like e cigarettes may also raise some significant health concerns , according to a new study",AGAINST,119,"It�s not enough that regular cigarettes pose various health risks, but it looks like e-cigarettes may also raise some significant health concerns, according to a new study."
"since their introduction to the you is market in 2007 , e cigarettes have prompted debate as to their risk in general and relative to cigarettes",AGAINST,208,"Since their introduction to the U.S. market in 2007, e-cigarettes have prompted debate as to their risk in general and relative to cigarettes."
cigarette smoke contains 1014 free radicals per puff,NONE,218,Cigarette smoke contains 1014 free radicals per puff.
"the number of teens and teens using e cigarettes has grown dramatically , with some now calling it the gateway drug of choice that leads to more addictive behavior",AGAINST,152,"The number of teens and tweens using e-cigarettes has grown dramatically, with some now calling it the �gateway� drug of choice that leads to more addictive behaviors."
"research suggests that v aping may not be as safe as smokers think ,",AGAINST,176,"research suggests that vaping may not be as safe as smokers think, "
"and many health experts believe that because so little research has been done on e cigarettes , they may pose unknown risks",AGAINST,340,"And many health experts believe that because so little research has been done on e-cigarettes, they may pose unknown risks."
"e cigarettes also make it a lot easier for current smokers to stop smoking , as it provides a similar experience to smoking",FAVOR,318,"E-cigs also make it a lot easier for current smokers to stop smoking, as it provides a similar experience to smoking."
better product design and standards could probably be reduce the risks,NONE,36,Better product design and standards could probably be reduce the risks.
"researchers found that e cigarettes produce high levels of highly reactive harmful free radicals that fall in the range of 1 , 000 to 100 times less than levels in regular cigarettes",AGAINST,139,"Researchers found that e-cigarettes produce high levels of highly reactive harmful free radicals that fall in the range of 1,000- to 100-times less than levels in regular cigarettes."
"a recent review concluded that the vapors are likely safe , but did so based on primarily on a review of chemical analysis of e cigarette vapor",FAVOR,302,"A recent review concluded that the vapors are likely safe, but did so based on primarily on a review of chemical analyses of e-cigarette vapor."
"a previous study suggests when an e cigarette voltage is increased from 3 2v to for 8v it produces almost as much formaldehyde as a regular cigarette , and formaldehyde is a carcinogenic substance",AGAINST,364,"A previous study suggests�when an e-cigarette voltage is increased from 3.2V to 4.8V it produces almost as much formaldehyde as a regular cigarette, and formaldehyde is a carcinogenic substance."
"e cigarettes contain less nicotine than cigarettes , but actual nicotine intake by e cigarette users can approximate that of cigarette smokers",AGAINST,210,"E-cigarettes contain less nicotine than cigarettes, but actual nicotine intake by e-cigarette users can approximate that of cigarette smokers."
"previous analysis of e cigarette vapor have identified chemicals that could be toxic or carcinogenic , including particulates , formaldehyde , and volatile organic compounds , but at lower levels than cigarette smoke",FAVOR,211,"Previous analyses of e-cigarette vapor have identified chemicals that could be toxic or carcinogenic, including particulates, formaldehyde, and volatile organic compounds, but at lower levels than cigarette smoke."
"leaked nicotine is a poisoning hazard for the user of electronic cigarettes , as well as others around them , particularly children",AGAINST,59,"Leaked nicotine is a poisoning hazard for the user of electronic cigarettes, as well as others around them, particularly children."
e cigarettes are electronic devices that are thought to be less harmful to smokers than regular cigarettes,FAVOR,111,E-cigarettes are electronic devices that are thought to be less harmful to smokers than regular cigarettes.
study of mice finds that e cigarettes generate free radical toxins and may harm the lungs and immune system,AGAINST,177,Study of mice finds that e-cigarettes generate free radical toxins and may harm the lungs and immune system 
"electronic or e cigarettes , increasingly popular in recent years , are plastic or metal tubes slightly larger than traditional cigarettes",NONE,331,"Electronic or e-cigarettes, increasingly popular in recent years, are plastic or metal tubes slightly larger than traditional cigarettes."
"a 2013 review found , from limited data that safety risk of e cigarettes is similar to that of smokeless tobacco",AGAINST,6,"A 2013 review found, from limited data that safety risk of e-cigarettes is similar to that of smokeless tobacco."
"particularly lacking are long term studies of e cigarette use , obviously because they have only been on the market for less than a decade and only skyrocketed in popularity beginning around five years ago",NONE,298,"Particularly lacking are long-term studies of e-cigarette use, obviously because they�ve only been on the market for less than a decade and only skyrocketed in popularity beginning around five years ago."
"however , a team of american researchers reported later that e cigarettes cannot help stop smoking , on the other hand , can turn youngsters into dual smokers , making them smoke more nicotine",NONE,284,"However, a team of American researchers reported later that e-cigarettes cannot help stop smoking, on the other hand, can turn youngsters into�dual smokers, making them smoke more nicotine."
"a study released the centers for disease control and prevention ( cdc ) found that about 21 of adults who smoke traditional cigarettes had used e cigarettes in 2011 , compared with about 10 percent in 2010",NONE,158,"a study released the Centers for Disease Control and Prevention (CDC) found that about 21% of adults who smoke traditional cigarettes had used e-cigarettes in 2011, compared with about 10 percent in 2010."
"as our study shows , e cigarettes contain flavoring chemicals that can cause lung damage",AGAINST,150,"As our study shows, e-cigarettes contain flavoring chemicals that can cause lung damage"
the adverse effects of e cigarettes on people with cancer is unknown,NONE,10,The adverse effects of e-cigarettes on people with cancer is unknown.
"while some argue that vapor offers health advantages over traditional cigarette smoke , regulatory agencies and some health experts are n't so sure that 's true",AGAINST,246,"While some argue that vapor offers health advantages over traditional cigarette smoke, regulatory agencies and some health experts aren't so sure that's true."
"the uk action on smoking and health found that in 2015 , compared to the year before , there has been a growing false belief that electronic cigarettes could be as harmful as smoking",AGAINST,103,"The UK Action on Smoking and Health found that in 2015, compared to the year before, ""there has been a growing false belief that electronic cigarettes could be as harmful as smoking""."
"there are safety issues with the nicotine exposure from e cigarettes , which may cause addiction and other adverse effects",AGAINST,81,"There are safety issues with the nicotine exposure from e-cigarettes, which may cause addiction and other adverse effects."
sales of electronic cigarettes have risen dramatically in recent years,NONE,220,Sales of electronic cigarettes have risen dramatically in recent years.
"the 2015 public health england report looking at the research concluded that by applying maximum power and increasing the time the device is used on a puffing machine , e liquids can thermally degrade and produce high levels of formaldehyde , a carcinogenic substance",AGAINST,393,"The 2015 Public Health England report looking at the research concluded that by applying maximum power and increasing the time the device is used on a puffing machine, e-liquids can thermally degrade and produce high levels of formaldehyde, a carcinogenic substance."
"daily use of e cigarettes while smoking appears to be associated with subsequent increases in rates of attempting to stop smoking and reducing smoking , but not with smoking cessation",NONE,167,"Daily use of e-cigarettes while smoking appears to be associated with subsequent increases in rates of attempting to stop smoking and reducing smoking, but not with smoking cessation."
there is a small risk of battery explosion in e cigarette devices modified to increase battery power,AGAINST,387,There is a small risk of battery explosion in e-cigarette devices modified to increase battery power.
the food and drug administration is expected to propose regulations for e cigarettes by the end of this month,NONE,222,The Food and Drug Administration is expected to propose regulations for e-cigarettes by the end of this month.
"that difference is crucial for smokers contemplating a switch to v aping , because it means they can avoid the myriad toxins and carcinogens generated by tobacco combustion , thereby dramatically reducing the health hazards they face",FAVOR,228,"That difference is crucial for smokers contemplating a switch to vaping, because it means they can avoid the myriad toxins and carcinogens generated by tobacco combustion, thereby dramatically reducing the health hazards they face."
"study shows , e cigarettes wo n't help you quit smoking",NONE,180,"Study shows, e-cigarettes won't help you quit smoking."
"a group of experts attending the e cigarette summit at the royal society in london , last month claimed that switching from traditional to electronic cigarettes could help reduce smoking related deaths across the world",FAVOR,283,"A group of experts attending the E-Cigarette Summit at the Royal Society in London, last month claimed that switching from traditional to electronic cigarettes could�help reduce smoking-related deaths�across the world."
"the e cigarette device itself could contribute to the toxicity from the tiny amounts of silicate and heavy metals found in the liquid and vapor , because they have a metal parts that come in contact with the e liquid",AGAINST,89,"The e-cigarette device itself could contribute to the toxicity from the tiny amounts of silicate and heavy metals found in the liquid and vapor, because they have a metal parts that come in contact with the e-liquid."
"while the health consequences of long term e cigarette use are still unknown , evidence to date suggests there are few if any health consequences",FAVOR,351," While the health consequences of long-term e-cigarette use are still unknown, evidence to date suggests there are few if any health consequences."
"a harvard study claiming most e cigarette brands expose users to harmful chemicals omits critical information and exaggerates the risks of flavored e cigarettes , according to tobacco control experts",FAVOR,163,"A Harvard study claiming most e-cigarette brands expose users to harmful chemicals omits critical information and exaggerates the risks of flavored e-cigarettes, according to tobacco control experts."
"earlier this year , the research showed that e cigarette users were anywhere between five and 15 times more likely to contract formaldehyde related cancer than regular cigarette smokers",AGAINST,147,"Earlier this year, the research showed that e-cigarette users were anywhere between five and 15 times more likely to contract formaldehyde-related cancer than regular cigarette smokers."
many are similar enough in appearance to be mistaken for regular tobacco cigarettes,NONE,245,Many are similar enough in appearance to be mistaken for regular tobacco cigarettes.
a 2014 review stated that there are concerns about pregnant women exposure to e cigarette vapor through direct use or via exhaled vapor,AGAINST,92,A 2014 review stated that there are concerns about pregnant women exposure to e-cigarette vapor through direct use or via exhaled vapor.
"in october 2012 , the world medical association stated , manufacturers and marketers of e cigarettes often claim that use of their products is a safe alternative to smoking , particularly since they do not produce carcinogenic smoke",FAVOR,69,"In October 2012, the World Medical Association stated, ""Manufacturers and marketers of e-cigarettes often claim that use of their products is a safe alternative to smoking, particularly since they do not produce carcinogenic smoke."""
"the study says that while diacetyl is safe when ingested as a component of foods and spirits , it can be hazardous when inhaled over an extended period , according to the united states national institute of occupational safety and health",AGAINST,123,"The study says that while diacetyl is safe when ingested as a component of foods and spirits, it can be hazardous when inhaled over an extended period, according to the United States National Institute of Occupational Safety and Health."
"prenatal exposure has been associated with obesity , diabetes , high cholesterol and high blood pressure in minors",AGAINST,96,"Prenatal exposure has been associated with obesity, diabetes, high cholesterol and high blood pressure in minors."
"diacetyl , a flavoring chemical linked to cases of severe respiratory disease , was found in more than 75 percent of flavored electronic cigarettes and refill liquids tested by researchers at harvard",AGAINST,143,"Diacetyl, a flavoring chemical linked to cases of severe respiratory disease, was found in more than 75 percent of flavored electronic cigarettes and refill liquids tested by researchers at Harvard."
what studies the fda has done have focused on limited lab studies of certain sample products on which they found significant quality control issues in the way these items are manufactured,AGAINST,314,What studies the FDA has done have focused on limited lab studies of certain sample products on which they found significant quality control issues in the way these items are manufactured.
"as of 2015 , the long term issues of e cigarettes on both mother and unborn baby are unknown",AGAINST,97,"As of 2015, the long-term issues of e-cigarettes on both mother and unborn baby are unknown."
e cigarettes are battery powered devices that heat a liquid nicotine solution in a disposable cartridge and create a vapor that is inhaled,NONE,248,E-cigs are battery-powered devices that heat a liquid nicotine solution in a disposable cartridge and create a vapor that is inhaled.
there is no long term research concerning the cancer risk related to the small level of exposure to the identified carcinogens that may be in e cigarette vapor,NONE,68,There is no long-term research concerning the cancer risk related to the small level of exposure to the identified carcinogens that may be in e-cigarette vapor.
choking on e cigarette components is also a potential hazard,AGAINST,23, choking on e-cigarette components is also a potential hazard.
"some batteries are not well designed , are made with poor quality components , or have defects",NONE,37,"Some batteries are not well designed, are made with poor quality components, or have defects."
"there are currently more than 7 , 000 varieties of flavored e cigarettes and e juice ( nicotine containing liquid that is used in refillable devices ) on the market",NONE,144,"There are currently more than 7,000 varieties of flavored e-cigarettes and e-juice (nicotine-containing liquid that is used in refillable devices) on the market."
"inhaling vapors of diacetyl , a chemical that is used to flavor e cigarette products such as cotton candy and many others , may lead to a respiratory disease called bronchiolitis obliterans",AGAINST,122,"Inhaling vapors of diacetyl, a chemical that�s used to flavor e-cigarette products such as Cotton Candy and many others, may lead to a respiratory disease called bronchiolitis obliterans."
"in fact , some e cigarettes contain nicotine levels comparable to those in regular cigarettes",AGAINST,335,"In fact, some e-cigarettes contain nicotine levels comparable to those in regular cigarettes."
"e cigarettes , hookahs and cigars are safe alternatives",FAVOR,182,"e-Cigarettes, hookahs and cigars are safe alternatives."
concerns about the carcinogenicity of e cigarettes arise from both nicotine and from other chemicals that may be in the vapor,AGAINST,67,Concerns about the carcinogenicity of e-cigarettes arise from both nicotine and from other chemicals that may be in the vapor.
"given that e cigarettes are being touted as a replacement for smoking and thus presumably for long term use rather than short term use as a tool to quit smoking , this is a rather glaring problem",AGAINST,305,"Given that e-cigarettes are being touted as a replacement for smoking and thus presumably for long term use rather than short term use as a tool to quit smoking, this is a rather glaring problem."
the fda does not currently regulate e cigarettes,NONE,371,The FDA does not currently regulate e-cigarettes.
"there is no serious scientific dispute on this point , although people who should know better often pretend otherwise",NONE,229,"There is no serious scientific dispute on this point, although people who should know better often pretend otherwise."
"e cigarette alarmists like to cite cdc survey data indicating that e cigarette use among students doubled in the last year , as 40 state attorneys general noted last month in a letter to the fda",NONE,234,"E-cigarette alarmists like to cite CDC survey data indicating that �e-cigarette use among students doubled in the last year,� as 40 state attorneys general noted last month in a letter to the FDA."
researchers tested 51 e cigarette flavorings and found chemicals linked to lung disease in 47 of them,AGAINST,365,Researchers tested 51 e-cigarette flavorings and found chemicals linked to lung disease in 47 of them.
"e cigarettes , which at their simplest consist of a battery , an atomizer and a cartridge , produce a vapor that is inhaled and then exhaled by the user",NONE,209,"E-cigarettes, which at their simplest consist of a battery, an atomizer and a cartridge, produce a vapor that is inhaled and then exhaled by the user."
greek researchers found last year in a different study that diacetyl is found in 70 of european e cigarette brands,AGAINST,125,Greek researchers found last year in a different study that diacetyl is found in 70% of European e-cigarette brands.
"e cigarettes are not currently regulated , although the you is food and drug administration ( fda ) has issued a proposed rule to include e cigarettes under its authority to regulate certain tobacco and nicotine containing products",NONE,146,"E-cigarettes are not currently regulated, although the U.S. Food and Drug Administration (FDA) has issued a proposed rule to include e-cigarettes under its authority to regulate certain tobacco and nicotine-containing products."
"a study in the journal addiction , published in june , found that the vapor used in e cigarettes can contain some of the toxicants present in tobacco smoke , but at levels which are much lower",FAVOR,253,"A study in the journal Addiction, published in June, found that the vapor used in e-cigs �can contain some of the toxicants present in tobacco smoke, but at levels which are much lower.� ."
the levels were above that of nicotine replacement product users,NONE,86,The levels were above that of nicotine replacement product users.
"the report said , some studies have found that bystanders absorb more nicotine from vapor than from tobacco smoke",AGAINST,347,"The report said, �Some studies have found that bystanders absorb more nicotine from vapor than from tobacco smoke.�  . "
"though e cigarette vapor contains far fewer free radicals than cigarette smoke 1 percent as much their presence in e cigarettes still suggests potential health risks that merit further study , the researchers say",FAVOR,219,"Though e-cigarette vapor contains far fewer free radicals than cigarette smoke�1 percent as much�their presence in e-cigarettes still suggests potential health risks that merit further study, the researchers say."
scientific studies advocate caution before designating e cigarettes as beneficial but va per s continue to believe they are beneficial,FAVOR,411,Scientific studies advocate caution before designating e-cigarettes as beneficial but vapers continue to believe they are beneficial.
"but the tobacco product label does not really fit either , because e cigarettes do not contain any tobacco , delivering nicotine in a propylene glycol vapor instead of burning dried vegetable matter",NONE,227,"But the �tobacco product� label does not really fit either, because e-cigarettes do not contain any tobacco, delivering nicotine in a propylene glycol vapor instead of burning dried vegetable matter."
"many people are using e cigarettes to help stop smoking , but the devices have not yet been regulated in the same way as products like nicotine patches",NONE,268,"Many people are using e-cigarettes to help stop smoking, but the devices have not yet been regulated in the same way as products like nicotine patches."
e cigarette battery explosions are caused by an increase in internal battery temperature and some have resulted in severe skin burns,AGAINST,386,E-cigarette battery explosions are caused by an increase in internal battery temperature and some have resulted in severe skin burns.
"all tobacco products , including e cigarettes and hookahs , have nicotine , whose highly addictive properties make these products harmful",NONE,183,"All tobacco products, including e-cigarettes and hookahs, have nicotine, whose highly addictive properties make these products harmful."
"not all e cigarettes use propylene glycol as the vaporizing agent ( for example , blue e cigarettes use vegetable glycerin instead ) , although many do , along with flavors designed to make the vapor more pleasant and attractive , such as menthol , vanilla , cherry , coffee bean , chocolate , apple , and , yes , various kinds of tobacco",NONE,289,"Not all e-cigarettes use propylene glycol as the vaporizing agent (for example, blu e-cigarettes use vegetable glycerin instead), although many do, along with flavors designed to make the vapor more pleasant and attractive, such as menthol, vanilla, cherry, coffee bean, chocolate, apple, and, yes, various kinds of tobacco."
"normal usage of e cigarettes generates very low levels of formaldehyde , a substance believed to be carcinogenic",FAVOR,391,"Normal usage of e-cigarettes generates very low levels of formaldehyde, a substance believed to be carcinogenic."
"after that effort was blocked by a federal judge and an appeals court , the agency announced that it would instead regulate e cigarettes as tobacco products",NONE,225,"After that effort was blocked by a federal judge and an appeals court, the agency announced that it would instead regulate e-cigarettes as tobacco products."
"most e cigarette surveys have reported successful reduction in smoking and benign side effects , such as dry mouth , throat irritation , dry cough , vertigo , headache , and nausea",FAVOR,299,"Most e-cigarette surveys have reported successful reduction in smoking and benign side effects, such as dry mouth, throat irritation, dry cough, vertigo, headache, and nausea."
va per s could be at risk of developing the deadly disease popcorn lung after scientists found a toxic chemical in 75 per cent of flavored electronic cigarettes,AGAINST,129,Vapers could be at risk of developing the deadly disease �popcorn lung� after scientists found a toxic chemical in 75 per cent of flavoured electronic cigarettes.
rare major injuries have occurred from battery explosions and fires,NONE,38,Rare major injuries have occurred from battery explosions and fires.
a 2014 cochrane review found no serious adverse effects from e cigarette have been reported in trials,FAVOR,11,A 2014 Cochrane review found no serious adverse effects from e-cigarette have been reported in trials.
"many scientists , such as those working with public health england , therefore think the risks are likely to be low and certainly much lower than with normal cigarettes",FAVOR,327,"Many scientists, such as those working with Public Health England, therefore think the risks are likely to be low � and certainly much lower than with normal cigarettes"
"unlike cigarette smoke , nearly all of the nicotine is absorbed in v aping",NONE,185,"Unlike cigarette smoke, nearly all of the nicotine is absorbed in vaping."
"smoking cigarettes is known to cause damage to every organ in your body , and smoking related illnesses are responsible for one out of every five deaths in the you is",NONE,239,"Smoking cigarettes is known to cause damage to every organ in your body, and smoking-related illnesses are responsible for one out of every five deaths in the U.S."
"although studies show only 15 of american is regularly smoke , the emergence of e cigarettes and v aping has taken the smoking industry by storm",NONE,112,"Although studies show only 15% of American�s regularly smoke, the emergence of e-cigarettes and �vaping� has taken the smoking industry by storm."
"formaldehyde is a known to cause coughing , wheezing , irritation , and cancer",AGAINST,179,"Formaldehyde is a known to cause coughing, wheezing, irritation, and cancer."
"electronic cigarette use is growing at a significant rate globally , particularly among young people major tobacco companies now own and promote major electronic cigarette brands",NONE,320,"electronic cigarette use is growing at a significant rate globally, particularly among young people major tobacco companies now own and promote major electronic cigarette brands."
"the build up of fatty deposits in the artery wall reduces blood flow , causing blood clots , heart failure , strokes , high blood pressure , renal failure , leg pains and aneurysm ( swelling of blood vessels )",NONE,278,"The build-up of fatty deposits in the artery wall reduces blood flow, causing blood clots, heart failure, strokes, high blood pressure, renal failure, leg pains and aneurysm (swelling of blood vessels)."
some public health experts have welcomed e cigarettes as a way to prevent young people from starting to smoke traditional tobacco cigarettes and to help longtime smokers give up the habit entirely,FAVOR,338,Some public health experts have welcomed e-cigarettes as a way to prevent young people from starting to smoke traditional tobacco cigarettes and to help longtime smokers give up the habit entirely.
there is no conclusive evidence to support that v aping can be any more effective at helping a traditional smoker quit than traditional nicotine replacement therapies such as patches and gums,NONE,117,There is no conclusive evidence to support that vaping can be any more effective at helping a traditional smoker quit than traditional nicotine replacement therapies such as patches and gums.
the long term effects of e cigarette use are unknown,NONE,380,The long-term effects of e-cigarette use are unknown.
"in a relatively short period of times , selling e cigarettes has become big business",NONE,286,"In a relatively short period of times, selling e-cigarettes has become big business."
"while they are likely less harmful than tobacco cigarettes , e cigarettes cannot be regarded as harmless",FAVOR,397,"While they are likely less harmful than tobacco cigarettes, e-cigarettes cannot be regarded as harmless."
there really is a dearth of evidence one way or the other regarding the safety of e cigarettes,AGAINST,297,There really is a dearth of evidence one way or the other regarding the safety of e-cigarettes.
"boston university public health professor michael siegel , who supports v aping as a harm reducing alternative to smoking , notes that we actually have a much better idea what is in electronic cigarette vapor than what is in tobacco smoke",FAVOR,233," Boston University public-health professor Michael Siegel, who supports vaping as a harm-reducing alternative to smoking, notes that �we actually have a much better idea what is in electronic cigarette vapor than what is in tobacco smoke.� "
"there is little data about their health effects , and considerable variability between vaporizers and in quality of their liquid ingredients and thus the contents of the aerosol delivered to the user",NONE,374,"There is little data about their health effects, and considerable variability between vaporizers and in quality of their liquid ingredients and thus the contents of the aerosol delivered to the user."
making definitive statements about the safety or efficacy of e cigarettes is not an evidence based stance,AGAINST,311,Making definitive statements about the safety or efficacy of e-cigarettes is not an evidence-based stance.
"the harvard school of public health study found that flavoring chemicals used in v aping products can result in cases of lymphocytic bronchiolitis , also known as popcorn lung , an irreversible condition previously identified in workers at microwave popcorn plants",AGAINST,164,"The Harvard School of Public Health study found that flavoring chemicals used in vaping products can result in cases of lymphocytic bronchiolitis, also known as �Popcorn Lung,� an irreversible condition previously identified in workers at microwave popcorn plants."
"dr michael katz said the fda should regulate e cigarettes as a drug delivery device , and that e cigarettes should not be allowed to be used in public places where traditional cigarettes has been banned",NONE,262," Dr. Michael Katz said the FDA should regulate e-cigs as a drug-delivery device, and that e-cigs should not be allowed to be used in public places where traditional cigarettes has been banned."
"while e cigarette vapor does not contain many of the toxic substances that are known to be present in cigarette smoke , it 's still important for us to figure out and to minimize the potential dangers that are associated with e cigarettes",FAVOR,136,"While e-cigarette vapor does not contain many of the toxic substances that are known to be present in cigarette smoke, it's still important for us to figure out and to minimize the potential dangers that are associated with e-cigarettes."
the increased risk of popcorn lung could add to the debate over e cigarettes and restriction of their use,AGAINST,154,The increased risk of popcorn lung could add to the debate over e-cigarettes and restriction of their use.
the condition is sometimes called popcorn lung because over ten years ago it was discovered in workers who inhaled artificial butter flavor in microwave popcorn processing facilities,NONE,199,"The condition is�sometimes called ""popcorn lung"" because over ten years ago it was discovered in workers who inhaled artificial butter flavour in microwave popcorn processing facilities."
there are also concerns that their candy and fruit flavors may appeal to youths and put them at risk of addiction,NONE,197,There are also concerns that their candy and fruit flavours may appeal to youths and put them at risk of addiction.
"health canada has stated that , their safety , quality , and efficacy remain unknown",NONE,405,"Health Canada has stated that, ""their safety, quality, and efficacy remain unknown."""
"the canadian cancer society has stated that , a few studies have shown that there may be low levels of harmful substances in some e cigarettes , even if they denial of normal t have nicotine",AGAINST,2,"The Canadian Cancer Society has stated that, ""A few studies have shown that there may be low levels of harmful substances in some e-cigarettes, even if they don�t have nicotine."""
"even the us centers for disease control and prevention , which recently cited increased consumption of e cigarettes while urging the fda to regulate them , concedes that e cigarettes appear to have far fewer of the toxins found in smoke compared to traditional cigarettes",FAVOR,232,"Even the US Centers for Disease Control and Prevention, which recently cited increased consumption of e-cigarettes while urging the FDA to regulate them, concedes that �e-cigarettes appear to have far fewer of the toxins found in smoke compared to traditional cigarettes.�"
the perception that e cigarettes pose little health risk is so entrenched that some smokers are switching from cigarettes to e cigarettes,FAVOR,204,The perception that e-cigarettes pose little health risk is so entrenched that some smokers are switching from cigarettes to e-cigarettes.
"studies showed the formaldehyde levels can ultimately cause a cancer , commonly referred to as popcorn lung",AGAINST,115,"Studies showed the formaldehyde levels can ultimately cause a cancer, commonly referred to as �popcorn lung.�"
e cigarettes use poses serious threats to adolescents and fetuses,AGAINST,384,e-cigarettes use poses serious threats to adolescents and fetuses.
"long term health effects of e cigarettes are unknown , but compared with cigarettes , they are likely to be much less , if at all , harmful to users or bystanders , the researchers said in the study in addiction",FAVOR,255,"�Long-term health effects of e-cigs are unknown, but compared with cigarettes, they are likely to be much less, if at all, harmful to users or bystanders,� the researchers said in the study in Addiction."
poison center calls in the us related to e cigarettes was one call per month in september 2010 to over 200 calls per month in february 2014,AGAINST,26,Poison center calls in the US related to e-cigarettes was one call per month in September 2010 to over 200 calls per month in February 2014.
harvard researchers have looked closely at some of the other chemicals found in e cigarette liquids and have connected one of them to a deadly lung disease,AGAINST,120,�Harvard researchers have looked closely at some of the other chemicals found in e-cigarette liquids and have connected one of them to a deadly lung disease.
they get rid of the 4000 other carcinogenic chemicals included in every traditional cigarette,FAVOR,317,They get rid of the 4000 other carcinogenic chemicals included in every traditional cigarette.
"a few years ago , ignoring that danger , the fda sought to ban e cigarettes as approved pharmaceutical products",NONE,224,"A few years ago, ignoring that danger, the FDA sought to ban e-cigarettes as unapproved pharmaceutical products."
e cigarettes work by heating a nicotine containing liquid to create a vapor that users inhale,NONE,333,E-cigarettes work by heating a nicotine-containing liquid to create a vapor that users inhale.
"the e liquid in e cigarette has a low level of toxicity , and contamination with various chemicals has been identified in the product",AGAINST,388,"The e-liquid in e-cigarette has a low level of toxicity, and contamination with various chemicals has been identified in the product."
"but the world health organization , the london school of hygiene and tropical medicine and the university of liverpool are concerned about the safety of e cigarettes",NONE,127,"But the World Health Organization, the London School of Hygiene and Tropical Medicine and the University of Liverpool are concerned about the safety of e-cigarettes."
"new research reported in the new england journal of medicine on jan 22 indicates that vapor produced by electronic cigarettes can contain a surprisingly high concentration of formaldehyde , a known carcinogen to which long term exposure is a recognized cause of lung cancer !",AGAINST,341,"New research reported in the New England Journal of Medicine on Jan. 22 indicates that vapor produced by electronic cigarettes can contain a surprisingly high concentration of formaldehyde, a known carcinogen to which long-term exposure is a recognized cause of lung cancer!"
researchers found that e cigarettes operated at high voltages produce vapor with large amounts of formaldehyde containing chemical compounds,NONE,107,Researchers found that e-cigarettes operated at high voltages produce vapor with large amounts of formaldehyde-containing chemical compounds.
"despite all the uncertainty , on the one side we see anti tobacco activists proclaiming e cigarettes to be potentially harmful and gateway drugs to children leading to the use of real tobacco ,",AGAINST,307,"Despite all the uncertainty, on the one side we see anti-tobacco activists proclaiming e-cigarettes to be potentially harmful and gateway drugs to children leading to the use of real tobacco, "
the battery operated e cigarette devices have been marketed as an alternative to traditional cigarettes,NONE,133,The battery-operated e-cigarette devices have been marketed as an alternative to traditional cigarettes.
"although short term studies of e cigarettes appear not to have found any evidence of significant harms , there are currently no solid long term data regarding the effects of inhaling the vapors produced by e cigarettes",FAVOR,301,"Although short term studies of e-cigarettes appear not to have found any evidence of significant harms, there are currently no solid long term data regarding the effects of inhaling the vapors produced by e-cigarettes."
"in january 2015 the you is federal aviation administration issued a safety alert to air carriers that e cigarettes should not be allowed in checked baggage after a review of fire safety issues , including two fires caused by e cigarettes in checked baggage",AGAINST,44,"In January 2015 the U.S. Federal Aviation Administration issued a safety alert to air carriers that e-cigarettes should not be allowed in checked baggage after a review of fire safety issues, including two fires caused by e-cigarettes in checked baggage."
"a 2014 systematic review concluded that the risks of e cigarettes have been exaggerated by health authorities and stated that while there may be some remaining risk , the risk of e cigarette use is likely small compared to smoking tobacco",FAVOR,379,"A 2014 systematic review concluded that the risks of e-cigarettes have been exaggerated by health authorities and stated that while there may be some remaining risk, the risk of e-cigarette use is likely small compared to smoking tobacco."
"the uk national health service noted that the toxic chemicals found by the fda in e cigarettes were at levels one thousandth that of cigarette smoke , and that while there is no certainty that these small traces are harmless , initial test results are reassuring",FAVOR,65,"The UK National Health Service noted that the toxic chemicals found by the FDA in e-cigarettes were at levels one-thousandth that of cigarette smoke, and that while there is no certainty that these small traces are harmless, initial test results are reassuring."
e cigarettes provide nicotine to the blood quicker than nicotine inhalers,NONE,85,E-cigarettes provide nicotine to the blood quicker than nicotine inhalers.
electronic cigarettes ( known also as e cigarettes ) have also contributed,NONE,242,Electronic cigarettes (known also as e-cigarettes) have also contributed.
"dr joel nitz kin , chair of the tobacco control task force for the american association of public health physicians , believes the hazards posed by e cigarettes would be much lower than one percent of that posed by smoking tobacco cigarettes",FAVOR,186,"Dr Joel Nitzkin, Chair of the Tobacco Control Task Force for the American Association of Public Health Physicians, believes the hazards posed by e-cigarettes would be much lower than one percent of that posed by smoking tobacco cigarettes."
"in both 2010 and 2011 , e cigarette use was significantly higher among current smokers compared to both former and never smokers",NONE,159,"In both 2010 and 2011, e-cigarette use was significantly higher among current smokers compared to both former and never smokers."
"the most frequently reported less harmful effects of v aping compared to smoking were reduced shortness of breath , reduced cough , reduced spitting , and reduced sore throat",FAVOR,12,"The most frequently reported less harmful effects of vaping compared to smoking were reduced shortness of breath, reduced cough, reduced spitting, and reduced sore throat."
it has been recommended that manufacturing quality standards be imposed in order to prevent such accidents,NONE,35,It has been recommended that manufacturing quality standards be imposed in order to prevent such accidents.
a causal relationship between e cigarettes and the reported adverse effects was not established with the exception of two severe outcomes in the united states a death when an infant choked on the cartridges and burns when one blew up,AGAINST,28,A causal relationship between e-cigarettes and the reported adverse effects was not established with the exception of two severe outcomes in the United States: a death when an infant choked on the cartridges and burns when one blew up.
"a norwegian cohort of 51 , 210 people followed from the 1970s until 2003 found no evidence that smokers who cut down their daily cigarette consumption by 50 reduce their risk of premature death significantly",NONE,170,"A Norwegian cohort of 51,210 people followed from the 1970s until 2003 found: no evidence that smokers who cut down their daily cigarette consumption by >50% reduce their risk of premature death significantly."
e cigarettes are potentially harmful,AGAINST,142,E-cigarettes are potentially harmful.
there is a lack of definitive evidence regarding safety of e cigarettes,AGAINST,329,There is a lack of definitive evidence regarding safety of e-cigarettes.
data suggest that long term consumption of nicotine by e cigarette smoking is likely to increase the risk of developing atherosclerosis by stimulating invasion of vascular smooth muscle cells,AGAINST,281,Data suggest that long-term consumption of nicotine by e-cigarette smoking is likely to increase the risk of developing atherosclerosis by stimulating invasion of vascular smooth muscle cells.
"whether you see that development as an opportunity or a threat depends on whether you view the matter rationally or through a fog of prejudice that makes anything resembling a cigarette look sinister , regardless of the risks it actually poses",NONE,221,"Whether you see that development as an opportunity or a threat depends on whether you view the matter rationally or through a fog of prejudice that makes anything resembling a cigarette look sinister, regardless of the risks it actually poses."
e cigarette are assumed to be dangerous to the fetus during pregnancy if e cigarettes are used by the mother,AGAINST,95,E-cigarette are assumed to be dangerous to the fetus during pregnancy if e-cigarettes are used by the mother.
"a lot of the cartridges and the bottles of liquid are not child resistant , and children may be attracted to the flavored liquids",NONE,51,"A lot of the cartridges and the bottles of liquid are not child-resistant, and children may be attracted to the flavored liquids."
"but nearly 70 percent of smokers report they want to quit , and a little more than 42 percent say they 've tried to quit during the past year",NONE,240,"But nearly 70 percent of smokers report they want to quit, and a little more than 42 percent say they've tried to quit during the past year."
"less serious adverse effects from e cigarette use include throat and mouth inflammation , vomiting , nausea , and cough",FAVOR,382,"Less serious adverse effects from e-cigarette use include throat and mouth inflammation, vomiting, nausea, and cough."
"however , research by roswell park cancer institute in buffalo , ny , suggests the way particles are broken down in e cigarettes may irritate lung tissue and cause disease",AGAINST,361,"However, research by Roswell Park Cancer Institute in Buffalo, NY, suggests�the way particles are broken down in e-cigarettes may irritate lung tissue and cause disease."
some e cigarettes found to contain up to 15 times the formaldehyde as combustible cigarettes,AGAINST,178, Some e-cigarettes found to contain up to 15 times the formaldehyde as combustible cigarettes.
the united states fire administration said that 25 fires and explosions were caused by e cigarettes between 2009 and 2015,AGAINST,41,The United States Fire Administration said that 25 fires and explosions were caused by e-cigarettes between 2009 and 2015.
"in 2015 , public health england estimated v aping to be about 95 safer than smoking",FAVOR,321,"In 2015, Public Health England�estimated vaping to be about 95% safer than smoking."
researchers have observed that e cigarettes increase the susceptibility to respiratory infections in the mouse models,AGAINST,206,Researchers  have observed that e-cigarettes increase the susceptibility to respiratory infections in the mouse models.
safety and risks associated with the e cigarettes were always a topic of discussion since it was first launched in the chinese markets in 2004,NONE,282,Safety and risks associated with the e-cigarettes were always a topic of discussion since it was first launched in the Chinese markets in 2004.
are j reynolds vapor co is sponsoring a study to determine what potential risks there are in the vapor smoke emitted from an e cigarette compared with a combustible cigarette,NONE,254,R.J. Reynolds Vapor Co. is sponsoring a study to determine what potential risks there are in the vapor smoke emitted from an e-cig compared with a combustible cigarette.
"david peyton , a chemistry professor at portland state university who helped conduct the research , says that the type of formaldehyde generated by e cigarettes could increase the likelihood it would get deposited in the lung , leading to lung cancer",AGAINST,342,"David Peyton, a chemistry professor at Portland State University who helped conduct the research, says that the type of formaldehyde generated by e-cigarettes could increase the likelihood it would get deposited in the lung, leading to lung cancer."
"generally , some users are concerned about the possible adverse health effects or toxicity of e cigarettes",NONE,4,"Generally, some users are concerned about the possible adverse health effects or toxicity of e-cigarettes."
"the researchers said that although e cigarette use is increasing , to date , there is no evidence of regular use by never smokers or by non smoking children",NONE,256,"The researchers said that although e-cig use is increasing, �to date, there is no evidence of regular use by never-smokers or by non-smoking children."
use of e cigarettes among teens tripled from 2013 to 2014,NONE,369, Use of e-ciggarettes among teens tripled from 2013 to 2014.
the belief that e cigarettes are safer than traditional cigarettes could increase their use for pregnant women,AGAINST,100,The belief that e-cigarettes are safer than traditional cigarettes could increase their use for pregnant women.
"that approach was blessed by the courts , which noted that the nicotine in e cigarettes is derived from tobacco",NONE,226,"That approach was blessed by the courts, which noted that the nicotine in e-cigarettes is derived from tobacco."
e cigarettes do not contain many of the chemicals in regular cigarettes associated with lung cancer and emphysema,FAVOR,352,E-cigarettes do not contain many of the chemicals in regular cigarettes associated with lung cancer and emphysema.
the you is food and drug administration last spring announced that it was going to begin regulating e cigarettes,NONE,213,The U.S. Food and Drug Administration last spring announced that it was going to begin regulating e-cigarettes.
va per s who keep on smoking which is most of them are fooling themselves if they think they are seriously reducing risk,AGAINST,171,Vapers who keep on smoking � which is most of them � are fooling themselves if they think they are seriously reducing risk.
there are concerns about the health impacts of pediatric exposure to second hand and third hand e cigarette vapor,AGAINST,98,There are concerns about the health impacts of pediatric exposure to second-hand and third-hand e-cigarette vapor.
"as a result , the fda plans to propose draft regulations for e cigarettes this fall and put them out for public comment",NONE,292,"As a result, the FDA plans to propose draft regulations for e-cigarettes this fall and put them out for public comment."
"and , according to the you is centers for disease control and prevention , more than one quarter million teenagers who reported never having smoked a cigarette reported using e cigarettes in 2013",NONE,215,"And, according to the U.S. Centers for Disease Control and Prevention, more than one-quarter million teenagers who reported never having smoked a cigarette reported using e-cigarettes in 2013."
the long term health impacts of the main chemicals nicotine and propylene glycol in the aerosol are not fully understood,NONE,61,The long-term health impacts of the main chemicals nicotine and propylene glycol in the aerosol are not fully understood.
in flight use of e cigarettes is also prohibited in the you is,NONE,47,In-flight use of e-cigarettes is also prohibited in the U.S. 
"in the united states the number of calls to poison control centers related to electronic cigarettes have increased between 2010 and 2014 , such that they now represent 42 of reported cases due to either cigarettes and e cigarettes up from 0 3",AGAINST,32,"In the United States the number of calls to poison control centers related to electronic cigarettes have increased between 2010 and 2014, such that they now represent 42% of reported cases due to either cigarettes and e-cigarettes up from 0.3%."
scientific evidence that e cigarettes can help people quit smoking has only recently started to appear,NONE,267,Scientific evidence that e-cigarettes can help people quit smoking has only recently started to appear.
smoking e cigarettes have been found to cause popcorn lung,AGAINST,200,Smoking e-cigarettes have been found to cause Popcorn Lung.
fans claim they are far less toxic than regular cigarettes and might even help tobacco smokers quit,FAVOR,367,Fans claim they are far less toxic than regular cigarettes and might even help tobacco smokers quit.
"the us food and drug administration center for tobacco products reported between 2008 and the beginning of 2012 , 47 cases of adverse effects associated with e cigarettes , of which eight were considered serious",AGAINST,27,"The US Food and Drug Administration Center for Tobacco Products reported between 2008 and the beginning of 2012, 47 cases of adverse effects associated with e-cigarettes, of which eight were considered serious."
e cigarette vapor might contain traces of cancer causing chemicals like formaldehyde or toxic metals like nickel,AGAINST,323,E-cigarette vapour might contain traces of cancer-causing chemicals like formaldehyde or toxic metals like nickel.
"for instance , maria a zz are lli , coordinator of the southern nevada health district is tobacco control program , recently told the las vegas sun that no one can say right now whether e cigarettes are a healthier alternative to cigarettes",AGAINST,230,"For instance, Maria Azzarelli, coordinator of the Southern Nevada Health District�s tobacco control program, recently told the Las Vegas Sun that �no one can say right now whether e-cigarettes are a healthier alternative to cigarettes.�"
"a longitudinal , international study found that , although 85 percent of smokers who used e cigarettes reported using them to quit , e cigarette users did not quit more frequently than nonusers , researchers said",NONE,260,"�A longitudinal, international study found that, although 85 percent of smokers who used e-cigarettes reported using them to quit, e-cigarette users did not quit more frequently than nonusers,� researchers said."
"the chemical mixture vaporized is typically composed of nicotine , propylene glycol , and other chemicals",NONE,288,"The chemical mixture vaporized is typically composed of nicotine, propylene glycol, and other chemicals."
"although e cigarettes appear to have far fewer of the toxins found in smoke compared with traditional cigarettes , the impact of e cigarettes on long term health must be studied",FAVOR,162,"Although e-cigarettes appear to have far fewer of the toxins found in smoke compared with traditional cigarettes, the impact of e-cigarettes on long-term health must be studied."
"the study heaps praise on e cigarettes with the chief executive of the r sph , shirley cramer commenting getting people on to nicotine rather than using tobacco would make a big difference to the public is health",FAVOR,350,"The study heaps praise on e-cigarettes with the chief executive of the RSPH, Shirley Cramer commenting �getting people on to nicotine rather than using tobacco would make a big difference to the public�s health"". "
"instead of smoke , e cigarettes produce aerosols , tiny liquid particles suspended in a puff of air",NONE,138,"Instead of smoke, e-cigarettes produce aerosols, tiny liquid particles suspended in a puff of air."
"there is limited peer reviewed data about the toxicity of e cigarettes for a complete toxicological evaluation , or one of their cytotoxicity",NONE,62,"There is limited peer-reviewed data about the toxicity of e-cigarettes for a complete toxicological evaluation, or one of their cytotoxicity."
"there 's a perception that e cigarettes are healthier than regular cigarettes , or at least not as harmful as regular cigarettes , said john p richie jr , professor of public health sciences and pharmacology",FAVOR,135,"""There's a perception that e-cigarettes are healthier than regular cigarettes, or at least not as harmful as regular cigarettes,"" said John P. Richie Jr., professor of public health sciences and pharmacology."
three quarters of e cigarettes tested by harvard scientists contained the chemical diacetyl which is known to cause lung damage,AGAINST,128,Three quarters of e-cigarettes tested by Harvard scientists contained the chemical diacetyl which is known to cause lung damage.
one review noted that reports of adverse effects of e cigarettes decreased over time,FAVOR,8,One review noted that reports of adverse effects of e-cigarettes decreased over time
"the chemicals used in e cigarettes are similar in toxicity to other nicotine replacement products , but there is not enough data to draw conclusions",AGAINST,64,"The chemicals used in e-cigarettes are similar in toxicity to other nicotine replacement products, but there is not enough data to draw conclusions."
e cigarettes are useful adjuncts to smoking cessation,NONE,300,E-cigarettes are useful adjuncts to smoking cessation.
"some case reports found harms to health brought about by e cigarettes in many countries , such as the us and in europe with the most common effect being dryness of the mouth and throat",AGAINST,14,"Some case reports found harms to health brought about by e-cigarettes in many countries, such as the US and in Europe with the most common effect beingg dryness of the mouth and throat."
"with e cigarettes booming in popularity and being marketed as a healthier alternative to traditional smoking , scientists have been investigating the chemicals used in v aping in an attempt to identify any associated health risks",FAVOR,156,"With e-cigarettes booming in popularity and being marketed as a healthier alternative to traditional smoking, scientists have been investigating the chemicals used in vaping in an attempt to identify any associated health risks."
"the explosions were the result of extended charging , use of unsuitable chargers , or design flaws",NONE,40,"The explosions were the result of extended charging, use of unsuitable chargers, or design flaws."
"in 2015 , public health england stated that e cigarettes are estimated to be 95 less harmful than smoking",FAVOR,378,"In 2015, Public Health England stated that e-cigarettes are estimated to be 95% less harmful than smoking."
"they reply generally considered safer than regular cigarettes , because they are smoke free and tobacco free however , they are not nicotine free",FAVOR,334,"They�re generally considered safer than regular cigarettes, because they are smoke-free and tobacco-free; however, they are not nicotine-free."
"the researchers determined that e cigarette vapor contains free radicals , known toxins found in cigarette smoke and air pollution",AGAINST,216,"The researchers determined that e-cigarette vapor contains ""free radicals,"" known toxins found in cigarette smoke and air pollution."
"cigarette smoke contains thousands of chemicals , but nicotine is the major chemical that causes cigarette addiction , hello said in a statement to health line",NONE,279,"""Cigarette smoke contains thousands of chemicals, but nicotine is the major chemical that causes cigarette addiction,"" Hai�said�in a statement to Healthline."
"regular cigarettes contain nearly 600 additives , 69 of which are carcinogenic",NONE,356,"Regular cigarettes contain nearly 600 additives, 69 of which are carcinogenic."
survey data indicate that e cigarette use is overwhelmingly concentrated about current and former smokers,NONE,236, Survey data indicate that e-cigarette use is overwhelmingly concentrated about current and former smokers.
"research findings on e cigarettes warrant further study in susceptible individuals , such as copd patients who have switched from cigarettes to e cigarettes , or to new users of e cigarettes who may have never used cigarettes",NONE,207,"Research findings on e-cigarettes warrant further study in susceptible individuals, such as COPD patients who have switched from cigarettes to e-cigarettes, or to new users of e-cigarettes who may have never used cigarettes."
"another thing working in the favor of e cigarettes in the risk continuum is that they do n't combust the way cigarettes do , limiting some of the chemicals released in cigarette smoke",FAVOR,212,"Another thing working in the favor of e-cigarettes in the risk continuum is that they don't combust the way cigarettes do, limiting some of the chemicals released in cigarette smoke."
"after all , e cigarettes denial of normal t contain the tar and combustion products that cigarette smoke does , although most of them do contain the nicotine",NONE,295,"After all, e-cigarettes don�t contain the tar and combustion products that cigarette smoke does, although most of them do contain the nicotine."
in july 2014 the world health organization ( who ) report cautioned about potential risks of using e cigarettes,AGAINST,376,In July 2014 the World Health Organization (WHO) report cautioned about potential risks of using e-cigarettes.
fda has not approved or recommended any e cigarette for a smoking cessation option,NONE,251,FDA has not approved or recommended any e-cig for a smoking cessation option.
the american diabetes association states there is no evidence that e cigarettes are a healthier alternative to smoking,AGAINST,403,"The American Diabetes Association states ""There is no evidence that e-cigarettes are a healthier alternative to smoking."""
regulated us food and drug administration ( fda ) products such as nicotine inhalers are probably safer than e cigarettes,AGAINST,377,Regulated US Food and Drug Administration (FDA) products such as nicotine inhalers are probably safer than e-cigarettes.
a more recent analysis finds some toxic chemicals in e cigarette vapor but at much lower levels than in tobacco smoke,FAVOR,303,A more recent analysis finds some toxic chemicals in e-cigarette vapor but at much lower levels than in tobacco smoke.
some people use them as a way to carry on smoking while avoiding cigarette smoke,NONE,269,Some people use them as a way to carry on smoking while avoiding cigarette smoke.
"popcorn lung a deadly lung disease is caused by diacetyl , a chemical used in flavoring on some of the juices used in e cigarettes",AGAINST,201,"Popcorn lung  a deadly lung disease is caused by diacetyl, a chemical used in flavoring on some of the juices used in e-cigarettes."
"there is still a lot we denial of normal t know about these products , including whether they will decrease or increase use of traditional cigarettes",NONE,161,"�There is still a lot we don�t know about these products, including whether they will decrease or increase use of traditional cigarettes.�"
in 2015 public health england concluded that the risks of fire from e cigarettes appear to be comparable to similar electrical goods,NONE,43,"In 2015 Public Health England concluded that the risks of fire from e-cigarettes ""appear to be comparable to similar electrical goods""."
"free radicals are highly reactive agents that can damage dna or other molecules within cells , resulting in cell death",NONE,217,"Free radicals are highly reactive agents that can damage DNA or other molecules within cells, resulting in cell death."
"important caveat e cig s have really only been in use for the past few years , so nothing is known about the long term effects",AGAINST,190,"Important caveat Ecigs have really only been in use for the past few years, so nothing is known about the long term effects."
"accepting such low quality evidence for the efficacy of e cigarettes in the same thing as accepting surveys data as evidence for the efficacy of supplements , and it distresses me how many are either unable or unwilling to understand that",NONE,309,"Accepting such low quality evidence for the efficacy of e-cigarettes in the same thing as accepting surveys data as evidence for the efficacy of supplements, and it distresses me how many are either unable or unwilling to understand that."
"a third study , in the may edition of journal of american medicine association is internal medicine publication , said there is no conclusive evidence that e cigarettes can play a role in smoking cessation , particularly in comparison with a nicotine patch",NONE,259,"  A third study, in the May edition of Journal of American Medicine Association�s internal medicine publication, said there is no conclusive evidence that e-cigs can play a role in smoking cessation, particularly in comparison with a nicotine patch."
the study expressed concern that the growth of this false perception risks discouraging many smokers from using electronic cigarettes to quit and keep them smoking instead which would be bad for their health and the health of those around them,FAVOR,105,"The study expressed concern that ""The growth of this false perception risks discouraging many smokers from using electronic cigarettes to quit and keep them smoking instead which would be bad for their health and the health of those around them."""
nicotine toxicity is a concern when e cigarette solutions are swallowed intentionally by adults as a suicidal overdose,AGAINST,53,Nicotine toxicity is a concern when e-cigarette solutions are swallowed intentionally by adults as a suicidal overdose.
there are questions about how safe it is to inhale some substances in the e cigarette vapor into the lungs,AGAINST,1,There are questions about how safe it is to inhale some substances in the e-cigarette vapor into the lungs.
"the amount of vapor produced is controlled by the power of the battery , which has led some users to adjust their e cigarettes to increase battery power to obtain a stronger nicotine hit , but there is a small risk of battery explosion",AGAINST,49,"The amount of vapor produced is controlled by the power of the battery, which has led some users to adjust their e-cigarettes to increase battery power to obtain a stronger nicotine ""hit"", but there is a small risk of battery explosion."
"aldehydes may cause harmful health effects though , in the majority of cases , the amounts inhaled are less than those in traditional cigarettes",FAVOR,80,"Aldehydes may cause harmful health effects; though, in the majority of cases, the amounts inhaled are less than those in traditional cigarettes."
"our findings suggest that e cigarettes are not neutral in terms of the effects on the lungs , said senior author shyam b is wal , a professor in the department of environmental health sciences at the bloomberg school",AGAINST,205,"""Our findings suggest that e-cigarettes are not neutral in terms of the effects on the lungs,"" said senior author Shyam Biswal, a professor in the Department of Environmental Health Sciences at the Bloomberg School."
"most e cigarettes use lithium batteries , the improper use of which may result in accidents",AGAINST,34,"Most e-cigarettes use lithium batteries, the improper use of which may result in accidents."
"unfortunately , the evidence on whether e cigarettes help smokers to quit is contradictory and inconclusive , katz wrote",NONE,263,"�Unfortunately, the evidence on whether e-cigarettes help smokers to quit is contradictory and inconclusive,� Katz wrote."
"a 2014 review noted a study had found metal particles in the fluid and aerosol , at levels were 10 50 times less than that allowed in medicines that are inhaled",AGAINST,91,"A 2014 review noted a study had found metal particles in the fluid and aerosol, at levels were 10-50 times less than that allowed in medicines that are inhaled."
others fear the e devices will addict nonsmokers to nicotine and eventually lead to more people smoking,AGAINST,339,Others fear the e-devices will addict nonsmokers to nicotine and eventually lead to more people smoking.
an excessive amount of nicotine for a child that is capable of being fatal is 0 1 0 too mg kg of body weight,NONE,52,An excessive amount of nicotine for a child that is capable of being fatal is 0.1�0.2�mg/kg of body weight.
"in fact , this past week the world health organization called for a ban on indoor use of e cigarettes in workplaces , restaurants and other public spaces",AGAINST,345,"In fact, this past week the World Health Organization called for a ban on indoor use of e-cigarettes in workplaces, restaurants and other public spaces."
"dr gilbert ross , medical and executive director of the american council on science and health , said allowing e cigarettes to compete with cigarettes in the marketplace might decrease smoking related morbidity and mortality",NONE,264,"Dr. Gilbert Ross, medical and executive director of The American Council on Science and Health, said �allowing e-cigs to compete with cigarettes in the marketplace might decrease smoking-related morbidity and mortality.� "
"in 2009 there was a 10 percent decrease in cigarette sales in the you is , and while that directly followed an increase in the federal cigarette tax , it 's not only price that 's changing the habits of american smokers",NONE,241,"In 2009 there was a 10 percent decrease in cigarette sales in the U.S., and while that directly followed an increase in the federal cigarette tax, it's not only price that's changing the habits of American smokers."
"reported adverse effects from e cigarette use include upper respiratory tract irritation , dry cough , dryness of the mucus membrane , headache , dizziness , nervousness , insomnia , sleeplessness , nausea , vomiting , dry mouth , tongue sores , black tongue , gum bleeding , gingivitis , gastric burning , constipation , palpitation , chest pain , eye irritation , eye redness , eye dryness , shortness of breath , and shivering",AGAINST,13,"Reported adverse effects from e-cigarette use include upper respiratory tract irritation, dry cough, dryness of the mucus membrane, headache, dizziness, nervousness, insomnia, sleeplessness, nausea, vomiting, dry mouth, tongue sores, black tongue, gum bleeding, gingivitis, gastric burning, constipation, palpitation, chest pain, eye irritation, eye redness, eye dryness, shortness of breath, and shivering."
experts are concerned that marketing of e cigarettes can increase nicotine addiction among young people encouraging them to try other tobacco products,AGAINST,315,Experts are concerned that marketing of e-cigarettes can increase nicotine addiction among young people encouraging them to try other tobacco products.
e cigarettes contain some contamination with small amounts of metals in the emissions but it is not likely that these amounts would cause a serious risk to the health of the user,FAVOR,88,E-cigarettes contain some contamination with small amounts of metals in the emissions but it is not likely that these amounts would cause a serious risk to the health of the user.
e cigarettes are also widely promoted to help people quit smoking,NONE,273,E-cigarettes are also widely promoted to help people quit smoking.
"this simultaneous increase in e cigarette use and cessation may be coincidental , and it is therefore vitally important for longitudinal studies to be conducted to assess the impact of e cigarette usage on quitting behavior",NONE,166,"This simultaneous increase in e-cigarette use and cessation may be coincidental, and it is therefore vitally important for longitudinal studies to be conducted to assess the impact of e-cigarette usage on quitting behaviour."
some studies suggest nicotine in e cigarettes might be linked to anxiety and blood vessel problems,AGAINST,328,Some studies suggest nicotine in e-cigarettes might be linked to anxiety and blood vessel problems.
"moreover , a who report in 2009 cautioned that the safety of e cigarettes is not confirmed",AGAINST,406,"Moreover, a WHO report in 2009 cautioned that the ""safety of e-cigarettes is not confirmed."""
"despite their growing popularity , very little is known about toxic substances produced by e cigarettes and their health effects",AGAINST,134,"Despite their growing popularity, very little is known about toxic substances produced by e-cigarettes and their health effects."
"moreover , we denial of normal t know yet whether long term use of nicotine delivered in this manner is safe",AGAINST,306,"Moreover, we don�t know yet whether long term use of nicotine delivered in this manner is safe."
"however , e cigarettes cannot be regarded as simply harmless",AGAINST,396,"However, e-cigarettes cannot be regarded as simply harmless."
"there is liquid vapor , which appears in the same manner as smoke and you also get a similar feeling at the back of your throat , just like a traditional cigarette",NONE,319,"There is liquid vapour, which appears in the same manner as smoke and you also get a similar feeling at the back of your throat, just like a traditional cigarette."
"global sales of smokeless tobacco products , including smokeless inhalers , has grown to nearly 3 billion and continues to grow",NONE,243,"Global sales of smokeless tobacco products, including smokeless inhalers, has grown to nearly $3 billion -- and continues to grow."
"due to nicotine content inconstancy , it is recommended that e cigarette companies develop quality standards with respect to nicotine content",NONE,54,"Due to nicotine content inconstancy, it is recommended that e-cigarette companies develop quality standards with respect to nicotine content."
"smaller particles in e cigarettes can travel deeper within the lungs causing greater damage , than normal cigarettes",AGAINST,363,"Smaller particles in e-cigarettes can travel deeper within the lungs  causing  greater damage, than normal cigarettes."
"there is a possibility that inhalation , ingestion , or skin contact can expose people to high levels of nicotine , and with contaminants in the e liquid , which may be especially risky to children , pregnant women , and nursing mothers",AGAINST,50,"There is a possibility that Inhalation, ingestion, or skin contact can expose people to high levels of nicotine, and with contaminants in the e-liquid, which may be especially risky to children, pregnant women, and nursing mothers."
"a chemical analysis of vapor from electronic cigarettes shows high levels of formaldehyde , a known carcinogen",AGAINST,174,"A chemical analysis of vapor from electronic cigarettes shows high levels of formaldehyde, a known carcinogen."
"e cig s are a viable harm reduction device in my opinion , one that more smokers need to know about",FAVOR,189,"Ecigs are a viable harm reduction device in my opinion, one that more smokers need to know about."
"another review found that e cigarette aerosol contains far fewer carcinogens than tobacco smoke , and concluded that e cigarettes impart a lower potential disease burden than traditional cigarettes",FAVOR,410,"Another review found that e-cigarette aerosol contains far fewer carcinogens than tobacco smoke, and concluded that e-cigarettes ""impart a lower potential disease burden"" than traditional cigarettes."
"in fact , the a a php states substances in the cigarette smoke , other than the nicotine , inhaled deep into the lung , cause most of the tobacco attributable illness and death in the united states",AGAINST,187,"In fact, the AAPHP states: ""Substances in the cigarette smoke, other than the nicotine, inhaled deep into the lung, cause most� of the tobacco-attributable illness and death in the United States."""
non daily v aping has no impact on cutting down or quitting,NONE,169,Non-daily vaping has no impact on cutting down or quitting.
"the therapeutic goods administration ( tga ) of australia has stated that , some overseas studies suggest that electronic cigarettes containing nicotine may be dangerous , delivering unreliable doses of nicotine ( above or below the stated quantity ) , or containing toxic chemicals or carcinogens , or leaking nicotine",AGAINST,58,"The Therapeutic Goods Administration (TGA) of Australia has stated that, ""Some overseas studies suggest that electronic cigarettes containing nicotine may be dangerous, delivering unreliable doses of nicotine (above or below the stated quantity), or containing toxic chemicals or carcinogens, or leaking nicotine. """
"users may alter many of the devices , such as using them to administer other drugs like cannabis",NONE,48,"Users may alter many of the devices, such as using them to administer other drugs like cannabis."
"simon is also concerned about other chemicals delivered by electronic cigarettes , including di ethylene glycol ( a highly toxic substance ) , various nitrosamines ( powerful carcinogens ) , and other compounds suspected of being harmful to humans",AGAINST,344,"Simon is also concerned about other chemicals delivered by electronic cigarettes, including di-ethylene glycol (a highly toxic substance), various nitrosamines (powerful carcinogens), and other compounds suspected of being harmful to humans."
"nine out of 10 teenagers who tried e cigarettes were already smokers , meaning the trend that the attorneys general consider a public health emergency may instead portend successful harm reduction",NONE,235,"Nine out of 10 teenagers who tried e-cigarettes were already smokers, meaning the trend that the attorneys general consider a public-health emergency may instead portend successful harm reduction."
"e cigarettes appear to play a substantial role in tobacco users cessation attempts , the unc researchers said",NONE,252,"�e-cigarettes appear to play a substantial role in tobacco users� cessation attempts,� the UNC researchers said."
"in youth , e cigarette use risks involve accidental nicotine exposure",AGAINST,21,"In youth, e-cigarette use risks involve accidental nicotine exposure."
the you is food and drug administration ( fda ) has not evaluated e cigarettes for safety or effectiveness,AGAINST,313,The U.S. Food and Drug Administration (FDA) has NOT evaluated e-cigarettes for safety or effectiveness.
"awareness of e cigarettes rose from about four in 10 adults in 2010 to six in 10 adults in 2011 e cigarette use is growing rapidly , said cdc director tom frieden , md , miles per hour",NONE,160,"Awareness of e-cigarettes rose from about four in 10 adults in 2010 to six in 10 adults in 2011.�E-cigarette use is growing rapidly,� said CDC Director Tom Frieden, MD, MPH."
"apart from that , nicotine exposure has long been linked to atherosclerosis , the accumulation of plaque on the artery walls",NONE,276,"Apart from that, nicotine exposure has long been linked to atherosclerosis, the accumulation of plaque on the artery walls."
"however , given 50 of tobacco smokers will die as a direct result of their habit ( and often in a horrible way ) , it would seem to me that it 's a risk worth taking",NONE,191,"However, given 50% of tobacco smokers will die as a direct result of their habit (and often in a horrible way), it would seem to me that it's a risk worth taking."
"aside from toxicity , there are also risks from e cigarette misuse or accidents such as contact with liquid nicotine , fires caused by vaporizer malfunction , and explosions as result from extended charging , unsuitable chargers , or design flaws",AGAINST,385,"Aside from toxicity, there are also risks from e-cigarette misuse or accidents such as contact with liquid nicotine, fires caused by vaporizer malfunction, and explosions as result from extended charging, unsuitable chargers, or design flaws."
"since the main claim being used to sell e cigarettes right now is that they are safer than tobacco containing cigarettes , that is the first claim that needs to be examined",FAVOR,293,"Since the main claim being used to sell e-cigarettes right now is that they are safer than tobacco-containing cigarettes, that�s the first claim that needs to be examined."
"harvey simon , md , harvard health editor , expressed concern that the nicotine amounts in e cigarettes can vary significantly",NONE,343,"Harvey Simon, MD, Harvard Health Editor, expressed concern that the nicotine amounts in e-cigarettes can vary significantly."
they enable some users to reduce or quit smoking,NONE,257,They enable some users to reduce or quit smoking.
"on the other side we see e cigarette promoters making concreted , absolutist statements that e cigarettes are safe and effective aids to smoking cessation",FAVOR,308,"On the other side we see e-cigarette promoters  making concreted, absolutist statements that e-cigarettes are safe and effective aids to smoking cessation."
"in addition to containing varying levels of the addictive substance nicotine , e cigarettes also contain other cancer causing chemicals , such as formaldehyde",AGAINST,149,"In addition to containing varying levels of the addictive substance nicotine, e-cigarettes also contain other cancer-causing chemicals, such as formaldehyde."
the use of e cigarettes is on the rise,FAVOR,130,The use of e-cigarettes is on the rise.
many researchers agree that the sharp spike in popularity for e cigarettes is fast outpacing research on the potential dangers,AGAINST,151,  Many researchers agree that the sharp spike in popularity for e-cigarettes is fast outpacing research on the potential dangers.
"higher end e cigarettes allow the heat temperature to be adjusted , which can intensify the nicotine hit",NONE,359,"Higher end e-cigarettes allow the heat temperature to be adjusted, which can intensify the nicotine hit."
"the surgeon general 's 2014 report found that nicotine adversely affects maternal and fetal health during pregnancy , and that exposure to nicotine during fetal development has lasting adverse consequences for brain development",AGAINST,99,"The Surgeon General's 2014 report found ""that nicotine adversely affects maternal and fetal health during pregnancy, and that exposure to nicotine during fetal development has lasting adverse consequences for brain development."""
fda has stalled for years in proceeding with proposed rules that would allow it to regulate the e cigarettes as tobacco products,NONE,372,FDA has stalled for years in proceeding with proposed rules that would allow it to regulate the e-cigarettes as tobacco products.
"in august 2014 , the american heart association noted that e cigarettes could fuel and promote nicotine addiction , especially in children",AGAINST,87,"In August 2014, the American Heart Association noted that ""e-cigarettes could fuel and promote nicotine addiction, especially in children""."
"but according to a public health england report , scientists believe the levels of nicotine in e cigarettes are unlikely to pose any significant health risk",FAVOR,330,"But according to a Public Health England report, scientists believe the levels of nicotine in e-cigarettes are unlikely to pose any significant health risk."
"e cigarette sales are projected to overtake cigarette sales in the next decade , and teen use of e cigarettes outpaces cigarette use , according to a recent survey released by the national institute on drug abuse",NONE,214,"E-cigarette sales are projected to overtake cigarette sales in the next decade, and teen use of e-cigarettes outpaces cigarette use, according to a recent survey released by the National Institute on Drug Abuse."
new research reveals that the chemical used to add flavor to e cigarettes is known to cause severe lung damage,AGAINST,121,New research reveals that the chemical used to add flavor to e-cigarettes is known to cause severe lung damage.
many users think that e cigarettes are healthier than traditional cigarettes for personal use or for other people,FAVOR,412,Many users think that e-cigarettes are healthier than traditional cigarettes for personal use or for other people.
e cigarettes were associated with fewer adverse effects than nicotine patches,FAVOR,20,E-cigarettes were associated with fewer adverse effects than nicotine patches.
the a a php recommends electronic cigarettes as a less hazardous smoke free tobacco nicotine product,FAVOR,188,The AAPHP recommends electronic cigarettes as a less hazardous smoke-free tobacco/nicotine product.
the majority of e cigarettes evaluated included carcinogenic tobacco specific nitrosamines ( tsn as ) and the carcinogen toluene,AGAINST,71,The majority of e-cigarettes evaluated included carcinogenic tobacco-specific nitrosamines (TSNAs) and the carcinogen toluene.
"e cigarette vapor can contain cancer causing formaldehyde at levels up to 15 times higher than regular cigarettes , a new study finds",AGAINST,106,"E-cigarette vapor can contain cancer-causing formaldehyde at levels up to 15 times higher than regular cigarettes, a new study finds."
the eu is updating the tobacco products directive so that electronic cigarettes below a certain nicotine threshold can be sold with health warnings,NONE,270,The EU is updating the Tobacco Products Directive so that electronic cigarettes below a certain nicotine threshold can be sold with health warnings.
the report concluded that the nicotine in the e cigarettes is roughly as dangerous as being addicted to coffee,FAVOR,348,The report concluded that the nicotine in the e-cigs is roughly as dangerous as being addicted to coffee
"since e cigarettes are not validated as cessation tools , may contain nicotine at inconsistent levels and added ingredients that are possibly harmful , allowing e cigarettes to be used among pregnant women to decrease smoking puts this group at considerable risk",AGAINST,102,"Since e-cigarettes are not validated as cessation tools, may contain nicotine at inconsistent levels and added ingredients that are possibly harmful, allowing e-cigarettes to be used among pregnant women to decrease smoking puts this group at considerable risk."
